/*==============================================================*/
/* Nom de SGBD :  MySQL 5.0                                     */
/* Date de création :  05/02/2020 13:57:58                      */
/* Auteur : Jérôme BOEBION										*/
/* Description : remplissage BDD								*/
/*==============================================================*/

SET FOREIGN_KEY_CHECKS=0;

/*==============================================================*/
/* Table : FUNCTIONBOX                                          */
/*==============================================================*/
TRUNCATE FUNCTIONBOX;
INSERT INTO FUNCTIONBOX (IDFUNCTION, LABELFUNCTION) VALUES ('1001', 'Resp. de Projet');
INSERT INTO FUNCTIONBOX (IDFUNCTION, LABELFUNCTION) VALUES ('1002', "Analyste App");
INSERT INTO FUNCTIONBOX (IDFUNCTION, LABELFUNCTION) VALUES ('1003', 'Développeur');
INSERT INTO FUNCTIONBOX (IDFUNCTION, LABELFUNCTION) VALUES ('1004', 'Tech Support');
INSERT INTO FUNCTIONBOX (IDFUNCTION, LABELFUNCTION) VALUES ('1005', 'Commercial');
INSERT INTO FUNCTIONBOX (IDFUNCTION, LABELFUNCTION) VALUES ('1006', 'Tech Comm');
INSERT INTO FUNCTIONBOX (IDFUNCTION, LABELFUNCTION) VALUES ('1007', 'Secrétaire');
INSERT INTO FUNCTIONBOX (IDFUNCTION, LABELFUNCTION) VALUES ('1008', 'DG');
INSERT INTO FUNCTIONBOX (IDFUNCTION, LABELFUNCTION) VALUES ('1009', 'DAF');
INSERT INTO FUNCTIONBOX (IDFUNCTION, LABELFUNCTION) VALUES ('1010', 'Resp Comm');
INSERT INTO FUNCTIONBOX (IDFUNCTION, LABELFUNCTION) VALUES ('1011', 'RHH');
INSERT INTO FUNCTIONBOX (IDFUNCTION, LABELFUNCTION) VALUES ('1012', 'Secr Adm');
INSERT INTO FUNCTIONBOX (IDFUNCTION, LABELFUNCTION) VALUES ('1013', "Resp Etudes");
INSERT INTO FUNCTIONBOX (IDFUNCTION, LABELFUNCTION) VALUES ('1014', 'Secr Tech');
INSERT INTO FUNCTIONBOX (IDFUNCTION, LABELFUNCTION) VALUES ('1015', "Dir Financier");
INSERT INTO FUNCTIONBOX (IDFUNCTION, LABELFUNCTION) VALUES ('1016', 'dev Tempo');
INSERT INTO FUNCTIONBOX (IDFUNCTION, LABELFUNCTION) VALUES ('1017', 'Analyst Tempo');

/*==============================================================*/
/* Table : STATUS                                               */
/*==============================================================*/
TRUNCATE `STATUS`;
INSERT INTO `STATUS` (IDSTATUS, TINYLABELSTATUS, LABELSTATUS) VALUES ('0001','CDI','durée indéterminé');
INSERT INTO `STATUS` (IDSTATUS, TINYLABELSTATUS, LABELSTATUS) VALUES ('0002','CDD','durée déterminée');
INSERT INTO `STATUS` (IDSTATUS, TINYLABELSTATUS, LABELSTATUS) VALUES ('0003','STA','Stagiaire');

/*==============================================================*/
/* Table : DOMAIN                                               */
/*==============================================================*/
TRUNCATE DOMAIN;
INSERT INTO DOMAIN (IDDOMAIN, LABELDOMAIN) VALUES ('0001', 'Agroalimentaire');
INSERT INTO DOMAIN (IDDOMAIN, LABELDOMAIN) VALUES ('0002', 'Assurance');
INSERT INTO DOMAIN (IDDOMAIN, LABELDOMAIN) VALUES ('0003', 'Banque');
INSERT INTO DOMAIN (IDDOMAIN, LABELDOMAIN) VALUES ('0004', 'Textile');
INSERT INTO DOMAIN (IDDOMAIN, LABELDOMAIN) VALUES ('0005', 'Service aux entreprises');
INSERT INTO DOMAIN (IDDOMAIN, LABELDOMAIN) VALUES ('0006', 'BTP');
INSERT INTO DOMAIN (IDDOMAIN, LABELDOMAIN) VALUES ('0007', 'Informatique / Télécoms');
INSERT INTO DOMAIN (IDDOMAIN, LABELDOMAIN) VALUES ('0008', 'Transport Logistique');
INSERT INTO DOMAIN (IDDOMAIN, LABELDOMAIN) VALUES ('0009', 'Etudes et Conseils');
INSERT INTO DOMAIN (IDDOMAIN, LABELDOMAIN) VALUES ('0010', 'Multimédia');
INSERT INTO DOMAIN (IDDOMAIN, LABELDOMAIN) VALUES ('0011', 'Communication');
INSERT INTO DOMAIN (IDDOMAIN, LABELDOMAIN) VALUES ('0012', 'Commerce');
INSERT INTO DOMAIN (IDDOMAIN, LABELDOMAIN) VALUES ('0013', 'Grande Distribution');
INSERT INTO DOMAIN (IDDOMAIN, LABELDOMAIN) VALUES ('0014', 'Chimie');

/*==============================================================*/
/* Table : LIFECYCLE                                            */
/*==============================================================*/
TRUNCATE LIFECYCLE;
INSERT INTO LIFECYCLE (IDLIFECYCLE, LABELLIFECYCLE) VALUES ('0001', 'Complet');
INSERT INTO LIFECYCLE (IDLIFECYCLE, LABELLIFECYCLE) VALUES ('0002', 'Etudes de l\'existant');
INSERT INTO LIFECYCLE (IDLIFECYCLE, LABELLIFECYCLE) VALUES ('0003', 'Développement');
INSERT INTO LIFECYCLE (IDLIFECYCLE, LABELLIFECYCLE) VALUES ('0004', 'Mise en Production');
INSERT INTO LIFECYCLE (IDLIFECYCLE, LABELLIFECYCLE) VALUES ('0005', 'Maintenance');

/*==============================================================*/
/* Table : SECTORACTIVITY                                       */
/*==============================================================*/
TRUNCATE SECTORACTIVITY;
INSERT INTO SECTORACTIVITY (IDSECTORACTIVITY, LABELSECTORACTIVITY) VALUES ('0001', 'Gestion Commercial');
INSERT INTO SECTORACTIVITY (IDSECTORACTIVITY, LABELSECTORACTIVITY) VALUES ('0002', 'RH');
INSERT INTO SECTORACTIVITY (IDSECTORACTIVITY, LABELSECTORACTIVITY) VALUES ('0003', 'Production');
INSERT INTO SECTORACTIVITY (IDSECTORACTIVITY, LABELSECTORACTIVITY) VALUES ('0004', 'Achat');
INSERT INTO SECTORACTIVITY (IDSECTORACTIVITY, LABELSECTORACTIVITY) VALUES ('0005', 'Gestion Logistique');
INSERT INTO SECTORACTIVITY (IDSECTORACTIVITY, LABELSECTORACTIVITY) VALUES ('0006', 'Gestion Ticketing');
INSERT INTO SECTORACTIVITY (IDSECTORACTIVITY, LABELSECTORACTIVITY) VALUES ('0007', 'Gestion Support');

/*==============================================================*/
/* Table : INFOSTECH                                            */
/*==============================================================*/
TRUNCATE INFOSTECH;
INSERT INTO INFOSTECH (IDINFOSTECH, LABELINFOSTECH, COMMENTINFOSTECH ) VALUES ('0001', 'JAVA', 'Langage');
INSERT INTO INFOSTECH (IDINFOSTECH, LABELINFOSTECH, COMMENTINFOSTECH ) VALUES ('0002', 'PHP', 'Langage');
INSERT INTO INFOSTECH (IDINFOSTECH, LABELINFOSTECH, COMMENTINFOSTECH ) VALUES ('0003', 'JavaScript', 'Langage');
INSERT INTO INFOSTECH (IDINFOSTECH, LABELINFOSTECH, COMMENTINFOSTECH ) VALUES ('0004', 'MySQL', 'BDD');
INSERT INTO INFOSTECH (IDINFOSTECH, LABELINFOSTECH, COMMENTINFOSTECH ) VALUES ('0005', 'PostGreSQL', 'BDD');
INSERT INTO INFOSTECH (IDINFOSTECH, LABELINFOSTECH, COMMENTINFOSTECH ) VALUES ('0006', 'Windows', 'PlateForme');
INSERT INTO INFOSTECH (IDINFOSTECH, LABELINFOSTECH, COMMENTINFOSTECH ) VALUES ('0007', 'linux', 'OS');
INSERT INTO INFOSTECH (IDINFOSTECH, LABELINFOSTECH, COMMENTINFOSTECH ) VALUES ('0008', 'C#', 'Langage');
INSERT INTO INFOSTECH (IDINFOSTECH, LABELINFOSTECH, COMMENTINFOSTECH ) VALUES ('0009', 'Delphi', 'Langage');
INSERT INTO INFOSTECH (IDINFOSTECH, LABELINFOSTECH, COMMENTINFOSTECH ) VALUES ('0010', 'Junit', 'Langage');
INSERT INTO INFOSTECH (IDINFOSTECH, LABELINFOSTECH, COMMENTINFOSTECH ) VALUES ('0011', 'MariadB', 'BDD');
INSERT INTO INFOSTECH (IDINFOSTECH, LABELINFOSTECH, COMMENTINFOSTECH ) VALUES ('0012', 'PostGree', 'BDD');
INSERT INTO INFOSTECH (IDINFOSTECH, LABELINFOSTECH, COMMENTINFOSTECH ) VALUES ('0013', 'IBM', 'OS');
INSERT INTO INFOSTECH (IDINFOSTECH, LABELINFOSTECH, COMMENTINFOSTECH ) VALUES ('0014', 'MongoDB', 'NoSQL');
INSERT INTO INFOSTECH (IDINFOSTECH, LABELINFOSTECH, COMMENTINFOSTECH ) VALUES ('0015', 'Hebergement externe LWS', 'Espace de stockage 250Go');
INSERT INTO INFOSTECH (IDINFOSTECH, LABELINFOSTECH, COMMENTINFOSTECH ) VALUES ('0016', 'Hebergement externe 1&1', '');
INSERT INTO INFOSTECH (IDINFOSTECH, LABELINFOSTECH, COMMENTINFOSTECH ) VALUES ('0017', 'Hebergement interne', 'Salle Blanche n°1');

/*==============================================================*/
/* Table : TYPEINTERVENTION                                     */
/*==============================================================*/
TRUNCATE TYPEINTERVENTION;
INSERT INTO TYPEINTERVENTION ( IDTYPEINTER, LABELTYPEINTER ) VALUES ('0001', 'analyse des besoins');
INSERT INTO TYPEINTERVENTION (IDTYPEINTER, LABELTYPEINTER ) VALUES ('0002', 'Conception');
INSERT INTO TYPEINTERVENTION (IDTYPEINTER, LABELTYPEINTER ) VALUES ('0003', 'Programmation');
INSERT INTO TYPEINTERVENTION (IDTYPEINTER, LABELTYPEINTER ) VALUES ('0004', 'Tests unitaires');
INSERT INTO TYPEINTERVENTION (IDTYPEINTER, LABELTYPEINTER ) VALUES ('0005', 'Tests d’intégration');
INSERT INTO TYPEINTERVENTION (IDTYPEINTER, LABELTYPEINTER ) VALUES ('0006', 'Tests recette install');
INSERT INTO TYPEINTERVENTION (IDTYPEINTER, LABELTYPEINTER ) VALUES ('0007', 'Management du projet');
INSERT INTO TYPEINTERVENTION (IDTYPEINTER, LABELTYPEINTER ) VALUES ('0008', 'Gestion de configuration');
INSERT INTO TYPEINTERVENTION (IDTYPEINTER, LABELTYPEINTER ) VALUES ('0009', 'Formation spéc projet');
INSERT INTO TYPEINTERVENTION (IDTYPEINTER, LABELTYPEINTER ) VALUES ('0010', 'Maintenance');     

/*==============================================================*/
/* Table : EMPLOYEE                                             */
/*==============================================================*/
TRUNCATE EMPLOYEE;
INSERT INTO EMPLOYEE ( NUMBERBADGE, CIVILREGISTRATION, SEX, LASTNAME, FIRSTNAME, ADDR1, ADDR2, POSTCODE, CITY, PHONEEMPLOYEE, HOBBIES )
	VALUES ('0001', 'MR', 'M', 'BOEBION', 'Jérôme', '76 rue Léonard Bourcier', '1er Etage', '54000', 'Nancy', '0383988930', 'Footing');
INSERT INTO EMPLOYEE (NUMBERBADGE, CIVILREGISTRATION, SEX, LASTNAME, FIRSTNAME, ADDR1, ADDR2, POSTCODE, CITY, PHONEEMPLOYEE, HOBBIES )
	VALUES ('0002', 'MLE', 'F', 'SEURAT', 'Christelle', '25 rue du Petit Pont', 'Entrée A', '54620', 'VILLERS LES NANCY', '0383982030', 'Shooping');
INSERT INTO EMPLOYEE (NUMBERBADGE, CIVILREGISTRATION, SEX, LASTNAME, FIRSTNAME, ADDR1, ADDR2, POSTCODE, CITY, PHONEEMPLOYEE, HOBBIES )
	VALUES ('0003', 'MR', 'M', 'ZIMMERMANN', 'Benoit', '2 rue Saint Clément', '', '57000', 'METZ', '0383988730', 'Video Games');
INSERT INTO EMPLOYEE (NUMBERBADGE, CIVILREGISTRATION, SEX, LASTNAME, FIRSTNAME, ADDR1, ADDR2, POSTCODE, CITY, PHONEEMPLOYEE, HOBBIES )
	VALUES ('0004', 'MR', 'M', 'BAUMANN', 'Christian', '7 rue de l\'eglise', '', '54000', 'BARISEY AU PLAIN', '0383988700', 'Moto');
 INSERT INTO EMPLOYEE (NUMBERBADGE, CIVILREGISTRATION, SEX, LASTNAME, FIRSTNAME, ADDR1, ADDR2, POSTCODE, CITY, PHONEEMPLOYEE, HOBBIES )
	VALUES ('0005', 'MR', 'M', 'NION', 'Stéphane', '76 rue Léonard Bourcier', 'derriere l\èglise', '54000', 'BARISEY AU PLAIN', '0383875248', 'Jardinage');
 INSERT INTO EMPLOYEE (NUMBERBADGE, CIVILREGISTRATION, SEX, LASTNAME, FIRSTNAME, ADDR1, ADDR2, POSTCODE, CITY, PHONEEMPLOYEE, HOBBIES )
	VALUES ('0006', 'MME', 'F', 'MEYER', 'Adeline', '2 rue Saint Claude', '', '54300', 'TOUL', '0389653650', 'Ses enfants');   
 INSERT INTO EMPLOYEE (NUMBERBADGE, CIVILREGISTRATION, SEX, LASTNAME, FIRSTNAME, ADDR1, ADDR2, POSTCODE, CITY, PHONEEMPLOYEE, HOBBIES )
	VALUES ('0007', 'MR', 'M', 'LONGUEVILLE', 'Frankie', '2 rue Saint Claude', '1er Etage', '54300', 'TOUL', '0389653650', 'Tir à l\'Arc');
 INSERT INTO EMPLOYEE (NUMBERBADGE, CIVILREGISTRATION, SEX, LASTNAME, FIRSTNAME, ADDR1, ADDR2, POSTCODE, CITY, PHONEEMPLOYEE, HOBBIES )
	VALUES ('0008', 'MME', 'F', 'LUDWIG', 'Céline', '76 rue Principal', 'Dit Le Mont', '54000', 'CUSTINE', '0695896900', 'Danse');   
 INSERT INTO EMPLOYEE (NUMBERBADGE, CIVILREGISTRATION, SEX, LASTNAME, FIRSTNAME, ADDR1, ADDR2, POSTCODE, CITY, PHONEEMPLOYEE, HOBBIES )
	VALUES ('0009', 'MME', 'F', 'BARBAS', 'Céline', '1 rue du chemin haut', '', '54000', 'COURBESSEAUX', '0388750248', 'Chant');   
 INSERT INTO EMPLOYEE (NUMBERBADGE, CIVILREGISTRATION, SEX, LASTNAME, FIRSTNAME, ADDR1, ADDR2, POSTCODE, CITY, PHONEEMPLOYEE, HOBBIES )
	VALUES ('0010', 'MR', 'M', 'MARCHAND', 'Olivier', '7 rue du petit chemin', 'Attention au chien', '54000', 'BUISSONCOURT', '0839545400', 'Serie Tv');
 INSERT INTO EMPLOYEE (NUMBERBADGE, CIVILREGISTRATION, SEX, LASTNAME, FIRSTNAME, ADDR1, ADDR2, POSTCODE, CITY, PHONEEMPLOYEE, HOBBIES )
	VALUES ('0011', 'MME', 'F', 'BOULEAU', 'Laure', 'appel du 18 juin', '9eme Etage', '75000', 'PARIS', '0145898930', 'Football');    
 
/*==============================================================*/
/* Table : SECURITYBOX                                          */
/*==============================================================*/
TRUNCATE SECURITYBOX;
INSERT INTO SECURITYBOX (IDSECURITY, NUMBERBADGE, LOGIN, `PASSWORD`) VALUES ('0001', '0001', 'Admin','@dmin456');
INSERT INTO SECURITYBOX (IDSECURITY, NUMBERBADGE, LOGIN, `PASSWORD`) VALUES ('0002', '0002', 'RH','@RH12b25');
INSERT INTO SECURITYBOX (IDSECURITY, NUMBERBADGE, LOGIN, `PASSWORD`) VALUES ('0003', '0009', 'commerce','@com45r8');
INSERT INTO SECURITYBOX (IDSECURITY, NUMBERBADGE, LOGIN, `PASSWORD`) VALUES ('0004', '0004', 'CDP','@cdp28z1');
INSERT INTO SECURITYBOX (IDSECURITY, NUMBERBADGE, LOGIN, `PASSWORD`) VALUES ('0005', '0006', 'CDP','@cdp87F1');
INSERT INTO SECURITYBOX (IDSECURITY, NUMBERBADGE, LOGIN, `PASSWORD`) VALUES ('0006', '0007', 'CDE','@cde89t9');
INSERT INTO SECURITYBOX (IDSECURITY, NUMBERBADGE, LOGIN, `PASSWORD`) VALUES ('0007', '0011', 'SecrTech','@secrt3c');
INSERT INTO SECURITYBOX (IDSECURITY, NUMBERBADGE, LOGIN, `PASSWORD`) VALUES ('0008', '0008', 'SecrAdm','@secrad7');
INSERT INTO SECURITYBOX (IDSECURITY, NUMBERBADGE, LOGIN, `PASSWORD`) VALUES ('0009', '0010', 'Tech','@tec74h7');
INSERT INTO SECURITYBOX (IDSECURITY, NUMBERBADGE, LOGIN, `PASSWORD`) VALUES ('0010', '0005', 'Tech','@tec89h6');
INSERT INTO SECURITYBOX (IDSECURITY, NUMBERBADGE, LOGIN, `PASSWORD`) VALUES ('0012', '0003', 'Tech','@tec55h8');
 
/*==============================================================*/
/* Table : COMPANY                                              */
/*==============================================================*/
TRUNCATE COMPANY;
INSERT INTO COMPANY ( IDCOMPANY, IDDOMAIN, BADGEHEADSALES, NAMECOMPANY, TYPECOMPANY , NATURE, ADDRCOMPANY, POSTCODE, CITY, PHONECOMPANY, REVENUE, WORKFORCE, REVIEWTRADE, REVIEWPROJECT )
	VALUES ('0001', '0002', '0004', 'Mycat', '1', 'principale', '23 Dahle Court', '20409', 'Washington', '0326475142', '1000054', '100', '', '');    
INSERT INTO COMPANY ( IDCOMPANY, IDDOMAIN, BADGEHEADSALES, NAMECOMPANY, TYPECOMPANY , NATURE, ADDRCOMPANY, POSTCODE, CITY, PHONECOMPANY, REVENUE, WORKFORCE, REVIEWTRADE, REVIEWPROJECT )
	values ('0002', '0004', '0004', 'Podcat', '1', 'principale', '22 Oxford Plaza', '88000', 'Sumberdangdang', '0121099866', '154809', '200', '', '');
INSERT INTO COMPANY ( IDCOMPANY, IDDOMAIN, BADGEHEADSALES, NAMECOMPANY, TYPECOMPANY , NATURE, ADDRCOMPANY, POSTCODE, CITY, PHONECOMPANY, REVENUE, WORKFORCE, REVIEWTRADE, REVIEWPROJECT )
	values ('0003', '0014', '0004', 'Oyonder', '1', 'principale', '91 Independence Drive', '54000', 'Kapakabisa', '0611763695', '148902', '150', '', '');
INSERT INTO COMPANY ( IDCOMPANY, IDDOMAIN, BADGEHEADSALES, NAMECOMPANY, TYPECOMPANY , NATURE, ADDRCOMPANY, POSTCODE, CITY, PHONECOMPANY, REVENUE, WORKFORCE, REVIEWTRADE, REVIEWPROJECT )
	values ('0004', '0010', '0004', 'Kamba', '1', 'principale', '2 Northview Park', '55000', 'Zhongxin', '0382297005',  '1470555', '145', '', '');
INSERT INTO COMPANY ( IDCOMPANY, IDDOMAIN, BADGEHEADSALES, NAMECOMPANY, TYPECOMPANY , NATURE, ADDRCOMPANY, POSTCODE, CITY, PHONECOMPANY, REVENUE, WORKFORCE, REVIEWTRADE, REVIEWPROJECT )
	values ('0005', '0009', '0004', 'Gigabox', '1', 'principale', '059 Banding Lane', '89000', 'Jiamaying', '0987827320', '500000', '145', '', '');
INSERT INTO COMPANY ( IDCOMPANY, IDDOMAIN, BADGEHEADSALES, NAMECOMPANY, TYPECOMPANY , NATURE, ADDRCOMPANY, POSTCODE, CITY, PHONECOMPANY, REVENUE, WORKFORCE, REVIEWTRADE, REVIEWPROJECT )
	values ('0006', '0013', '0004', 'Twinder', '1', 'principale', '51988 Green Crossing', '78000', 'Sorodot', '0254931595', '7800000', '254', '', '');
INSERT INTO COMPANY ( IDCOMPANY, IDDOMAIN, BADGEHEADSALES, NAMECOMPANY, TYPECOMPANY , NATURE, ADDRCOMPANY, POSTCODE, CITY, PHONECOMPANY, REVENUE, WORKFORCE, REVIEWTRADE, REVIEWPROJECT )
	values ('0007', '0001', '0004', 'Brainsphere', '1', 'principale', '05117 Melby Point', '74000', 'Ranisoba', '0923791476', '9800000', '150', '', '');
INSERT INTO COMPANY ( IDCOMPANY, IDDOMAIN, BADGEHEADSALES, NAMECOMPANY, TYPECOMPANY , NATURE, ADDRCOMPANY, POSTCODE, CITY, PHONECOMPANY, REVENUE, WORKFORCE, REVIEWTRADE, REVIEWPROJECT ) 
	values ('0008', '0007', '0004', 'Izio', '1', 'principale', '27 Florence Place', '78450', 'Sungi Liput', '0583409801', '14788888', '250', '', '');
INSERT INTO COMPANY ( IDCOMPANY, IDDOMAIN, BADGEHEADSALES, NAMECOMPANY, TYPECOMPANY , NATURE, ADDRCOMPANY, POSTCODE, CITY, PHONECOMPANY, REVENUE, WORKFORCE, REVIEWTRADE, REVIEWPROJECT )
	values ('0009', '0006', '0004', 'Jaxnation', '1', 'secondaire', '40 Oxford Trail', '53000', 'La Rioja', '0911310982', '1458000', '450', '', '');
INSERT INTO COMPANY ( IDCOMPANY, IDDOMAIN, BADGEHEADSALES, NAMECOMPANY, TYPECOMPANY , NATURE, ADDRCOMPANY, POSTCODE, CITY, PHONECOMPANY, REVENUE, WORKFORCE, REVIEWTRADE, REVIEWPROJECT )
	values ('0010', '0005', '0004', 'Yoveo', '1', 'secondaire', '59 Aberg Street', '56840', 'Itu', '8301493245', '145550000', '1450', '', '');
INSERT INTO COMPANY ( IDCOMPANY, IDDOMAIN, BADGEHEADSALES, NAMECOMPANY, TYPECOMPANY , NATURE, ADDRCOMPANY, POSTCODE, CITY, PHONECOMPANY, REVENUE, WORKFORCE, REVIEWTRADE, REVIEWPROJECT ) 
	values ('0011', '0011', '0004', 'Skyba', '2', 'secondaire', '55557 Redwing Way', '17500', 'Volot', '0262028680', '147888000', '650', '', '');
INSERT INTO COMPANY ( IDCOMPANY, IDDOMAIN, BADGEHEADSALES, NAMECOMPANY, TYPECOMPANY , NATURE, ADDRCOMPANY, POSTCODE, CITY, PHONECOMPANY, REVENUE, WORKFORCE, REVIEWTRADE, REVIEWPROJECT )
	values ('0012', '0010', '0004', 'Voolith', '1', 'secondaire', '25347 Buena Vista Lane', '68870', 'Soure', '0149707893', '14000000', '154', '', '');
INSERT INTO COMPANY ( IDCOMPANY, IDDOMAIN, BADGEHEADSALES, NAMECOMPANY, TYPECOMPANY , NATURE, ADDRCOMPANY, POSTCODE, CITY, PHONECOMPANY, REVENUE, WORKFORCE, REVIEWTRADE, REVIEWPROJECT )
	values ('0013', '0007', '0004', 'Shufflester', '1', 'secondaire', '10654 Corben Court', '54000', 'Boulemane', '8216735329', '14500000', '125', '', '');
INSERT INTO COMPANY ( IDCOMPANY, IDDOMAIN, BADGEHEADSALES, NAMECOMPANY, TYPECOMPANY , NATURE, ADDRCOMPANY, POSTCODE, CITY, PHONECOMPANY, REVENUE, WORKFORCE, REVIEWTRADE, REVIEWPROJECT )
	values ('0014', '0006', '0004', 'Trilith', '1', 'secondaire', '9443 Northwestern Way', '56800', 'Dayanggezhuang', '0992668363', '1780000', '251', '', '');
INSERT INTO COMPANY ( IDCOMPANY, IDDOMAIN, BADGEHEADSALES, NAMECOMPANY, TYPECOMPANY , NATURE, ADDRCOMPANY, POSTCODE, CITY, PHONECOMPANY, REVENUE, WORKFORCE, REVIEWTRADE, REVIEWPROJECT )
	values ('0015', '0010', '0004', 'Katz', '2', 'principale', '30054 Kenwood Park', '54700', 'Mīāndoāb', '0358332205', '1450000', '154', '', '');
INSERT INTO COMPANY ( IDCOMPANY, IDDOMAIN, BADGEHEADSALES, NAMECOMPANY, TYPECOMPANY , NATURE, ADDRCOMPANY, POSTCODE, CITY, PHONECOMPANY, REVENUE, WORKFORCE, REVIEWTRADE, REVIEWPROJECT )
	values ('0016', '0011', '0004', 'Roomm', '1', 'principale', '69426 Cherokee Point', '35002', 'Hazlov', '0021087288', '6980000', '541', '', '');
INSERT INTO COMPANY ( IDCOMPANY, IDDOMAIN, BADGEHEADSALES, NAMECOMPANY, TYPECOMPANY , NATURE, ADDRCOMPANY, POSTCODE, CITY, PHONECOMPANY, REVENUE, WORKFORCE, REVIEWTRADE, REVIEWPROJECT )
	values ('0017', '0004', '0004', 'Oloo', '1', 'principale', '9 Hovde Terrace', '74200', 'Bandar-e Torkaman', '5501889753', '3654444', '45', '', '');
INSERT INTO COMPANY ( IDCOMPANY, IDDOMAIN, BADGEHEADSALES, NAMECOMPANY, TYPECOMPANY , NATURE, ADDRCOMPANY, POSTCODE, CITY, PHONECOMPANY, REVENUE, WORKFORCE, REVIEWTRADE, REVIEWPROJECT )
	values ('0018', '0003', '0004', 'Livetube', '2', 'principale', '26129 La Follette Drive', '54000', 'Wangjiang', '5713882190', '36581110', '147', '', '');
INSERT INTO COMPANY ( IDCOMPANY, IDDOMAIN, BADGEHEADSALES, NAMECOMPANY, TYPECOMPANY , NATURE, ADDRCOMPANY, POSTCODE, CITY, PHONECOMPANY, REVENUE, WORKFORCE, REVIEWTRADE, REVIEWPROJECT )
	values ('0019', '0002', '0004', 'Skivee', '1', 'principale', '4295 Harper Court', '75009', 'Paris 09', '5654011569', '268400000', '145', '', '');
INSERT INTO COMPANY ( IDCOMPANY, IDDOMAIN, BADGEHEADSALES, NAMECOMPANY, TYPECOMPANY , NATURE, ADDRCOMPANY, POSTCODE, CITY, PHONECOMPANY, REVENUE, WORKFORCE, REVIEWTRADE, REVIEWPROJECT )
	values ('0020', '0001', '0004', 'Yadel', '2', 'principale', '1 Delladonna Lane', '78900', 'Dërmënas', '9032477805', '265400', '149', '', '');

/*==============================================================*/
/* Table : CONTACTCOMPANY                                       */
/*==============================================================*/ 
TRUNCATE CONTACTCOMPANY;  
INSERT INTO CONTACTCOMPANY ( IDCONTACT, IDCOMPANY, NAMECONTACT, FUNCTIONCONTACT, EXTERNAL, PHONECONTACT, EMAILCONTACT ) 
	VALUES ('0001', '0001', 'Gael Cropper', 'VP Product Management', '0', '0483441181', 'gcropper0@hp.com');
INSERT INTO CONTACTCOMPANY ( IDCONTACT, IDCOMPANY, NAMECONTACT, FUNCTIONCONTACT, EXTERNAL, PHONECONTACT, EMAILCONTACT )
	values ('0002', '0001', 'Darill Tsar', 'Clinical Specialist', '1', '0358173516', 'dtsar1@yadel.com');
INSERT INTO CONTACTCOMPANY ( IDCONTACT, IDCOMPANY, NAMECONTACT, FUNCTIONCONTACT, EXTERNAL, PHONECONTACT, EMAILCONTACT ) 
	values ('0003', '0002', 'Dania Camillo', 'Marketing Manager', '0', '0664330451', 'dcamillo2@mysql.com');
INSERT INTO CONTACTCOMPANY ( IDCONTACT, IDCOMPANY, NAMECONTACT, FUNCTIONCONTACT, EXTERNAL, PHONECONTACT, EMAILCONTACT ) 
	values ('0004', '0003', 'Ralph Hellyar', 'Office Assistant I', '0', '0737638209', 'rhellyar3@un.org');
INSERT INTO CONTACTCOMPANY ( IDCONTACT, IDCOMPANY, NAMECONTACT, FUNCTIONCONTACT, EXTERNAL, PHONECONTACT, EMAILCONTACT ) 
	values ('0005', '0004', 'Emanuel Nurcombe', 'Account Coordinator', '0', '0435046945', 'enurcombe4@jugem.jp');
INSERT INTO CONTACTCOMPANY ( IDCONTACT, IDCOMPANY, NAMECONTACT, FUNCTIONCONTACT, EXTERNAL, PHONECONTACT, EMAILCONTACT ) 
	values ('0006', '0005', 'Caryn Debrick', 'Administrative Officer', '0', '0131126579', 'debrick@gigabox.com');
INSERT INTO CONTACTCOMPANY ( IDCONTACT, IDCOMPANY, NAMECONTACT, FUNCTIONCONTACT, EXTERNAL, PHONECONTACT, EMAILCONTACT ) 
	values ('0007', '0006', 'Quinn Bispo', 'Sales Associate', '0', '0494476182', 'qbispo6@mozilla.org');
INSERT INTO CONTACTCOMPANY ( IDCONTACT, IDCOMPANY, NAMECONTACT, FUNCTIONCONTACT, EXTERNAL, PHONECONTACT, EMAILCONTACT ) 
	values ('0008', '0006', 'Beatriz Jamieson', 'Recruiting Manager', '0', '0254993484', 'bjamie7@army.mil');
INSERT INTO CONTACTCOMPANY ( IDCONTACT, IDCOMPANY, NAMECONTACT, FUNCTIONCONTACT, EXTERNAL, PHONECONTACT, EMAILCONTACT ) 
	values ('0009', '0007', 'Angelika Wanley', 'Staff Accountant III', '0', '0199782006', 'awanley8@amazon.de');
INSERT INTO CONTACTCOMPANY ( IDCONTACT, IDCOMPANY, NAMECONTACT, FUNCTIONCONTACT, EXTERNAL, PHONECONTACT, EMAILCONTACT ) 
	values ('0010', '0007', 'Harriett Jeffcoate', 'Engineer IV', '1', '0589910767', 'jeff@godaddy.com');
INSERT INTO CONTACTCOMPANY ( IDCONTACT, IDCOMPANY, NAMECONTACT, FUNCTIONCONTACT, EXTERNAL, PHONECONTACT, EMAILCONTACT ) 
	values ('0011', '0008', 'Bethanne Antcliff', 'Editor', '0', '0357724608', 'bantcliffa@berkeley.edu');
INSERT INTO CONTACTCOMPANY ( IDCONTACT, IDCOMPANY, NAMECONTACT, FUNCTIONCONTACT, EXTERNAL, PHONECONTACT, EMAILCONTACT ) 
	values ('0012', '0009', 'Claudina Wabey', 'Media Manager IV', '0', '0618374760', 'cwabeyb@businessweek.com');
INSERT INTO CONTACTCOMPANY ( IDCONTACT, IDCOMPANY, NAMECONTACT, FUNCTIONCONTACT, EXTERNAL, PHONECONTACT, EMAILCONTACT ) 
	values ('0013', '0010', 'Meryl Vanini', 'Product Engineer', '0', '0961896612', 'mvaninic@globo.com');
INSERT INTO CONTACTCOMPANY ( IDCONTACT, IDCOMPANY, NAMECONTACT, FUNCTIONCONTACT, EXTERNAL, PHONECONTACT, EMAILCONTACT ) 
	values ('0014', '0011', 'Rosanna Lismer', 'Automation Specialist III', '0', '0401301137', 'rlismerd@blinklist.com');
INSERT INTO CONTACTCOMPANY ( IDCONTACT, IDCOMPANY, NAMECONTACT, FUNCTIONCONTACT, EXTERNAL, PHONECONTACT, EMAILCONTACT ) 
	values ('0015', '0012', 'Jasmin Michelle', 'Structural Analysis Engineer', '0', '0608167750', 'jmichellee@hao123.com');
INSERT INTO CONTACTCOMPANY ( IDCONTACT, IDCOMPANY, NAMECONTACT, FUNCTIONCONTACT, EXTERNAL, PHONECONTACT, EMAILCONTACT ) 
	values ('0016', '0013', 'Carmen Keming', 'Editor', '1', '0221995076', 'ckemingf@nih.gov');
INSERT INTO CONTACTCOMPANY ( IDCONTACT, IDCOMPANY, NAMECONTACT, FUNCTIONCONTACT, EXTERNAL, PHONECONTACT, EMAILCONTACT ) 
	values ('0017', '0014', 'Jacquetta Kenwright', 'Accounting Assistant IV', '0', '0747954827', 'jkenwrightg@com.com');
INSERT INTO CONTACTCOMPANY ( IDCONTACT, IDCOMPANY, NAMECONTACT, FUNCTIONCONTACT, EXTERNAL, PHONECONTACT, EMAILCONTACT ) 
	values ('0018', '0014', 'Luce Boeck', 'Web Developer IV', '1', '0539987443', 'lboeckh@mit.edu');
INSERT INTO CONTACTCOMPANY ( IDCONTACT, IDCOMPANY, NAMECONTACT, FUNCTIONCONTACT, EXTERNAL, PHONECONTACT, EMAILCONTACT ) 
	values ('0019', '0015', 'Anatole Rosekilly', 'Accountant IV', '0', '0961980910', 'arosekillyi@cnn.com');
INSERT INTO CONTACTCOMPANY ( IDCONTACT, IDCOMPANY, NAMECONTACT, FUNCTIONCONTACT, EXTERNAL, PHONECONTACT, EMAILCONTACT ) 
	values ('0020', '0016', 'Frants Livingston', 'Structural Analysis Engineer', '0', '0684183809', 'flivingstonj@jugem.jp');

/*==============================================================*/
/* Table : PROJECT                                              */
/*==============================================================*/
TRUNCATE PROJECT;
INSERT INTO PROJECT ( IDPROJECT, IDCONTACT, BADGEHEADPROJECT, BADGEHEADSTUDY, IDSECTORACTIVITY, IDCOMPANY, TINYLABEL, LONGLABEL, TYPEPROJECT, 
PRESTARTDATE, PREENDDATE, REALSTARTDATE, REALENDDATE, ESTIMATELOAD, SIZECODE, COMMENTESTIMATE )
	VALUES ( '1901', '0006', '0005', '0006', '0002', '0001', 'projet 1', 'Projet refonte RH', 'F', '2020-02-01', '2020-02-15', '2020-02-06', '2020-02-13', '200', '15600', 'ras' );
INSERT INTO PROJECT ( IDPROJECT, IDCONTACT, BADGEHEADPROJECT, BADGEHEADSTUDY, IDSECTORACTIVITY, IDCOMPANY, TINYLABEL, LONGLABEL, TYPEPROJECT, 
PRESTARTDATE, PREENDDATE, REALSTARTDATE, REALENDDATE, ESTIMATELOAD, SIZECODE, COMMENTESTIMATE )
	VALUES ( '1902', '0003', '0005', '0006', '0005', '0002', 'projet 2', 'Projet Logistique', 'F', '2019-02-14', '2019-02-15', '2019-02-14', '2019-02-15', '300', '0', 'ras' );
INSERT INTO PROJECT ( IDPROJECT, IDCONTACT, BADGEHEADPROJECT, BADGEHEADSTUDY, IDSECTORACTIVITY, IDCOMPANY, TINYLABEL, LONGLABEL, TYPEPROJECT, 
PRESTARTDATE, PREENDDATE, REALSTARTDATE, REALENDDATE, ESTIMATELOAD, SIZECODE, COMMENTESTIMATE ) 
	VALUES ('1903', '0003', '0005', '0006', '0007', '0007', 'projet 3', 'Projet Maintenance', 'R', '2020-02-05', '2020-02-20', '2020-02-06', null, '70', '0', 'ras');    

/*==============================================================*/
/* Table : LIFEPROJECT                                          */
/*==============================================================*/  
TRUNCATE LIFEPROJECT;
INSERT INTO LIFEPROJECT ( IDPROJECT, IDLIFECYCLE, LIFEDATE )
	VALUES ( '1901', '0002', '2020-02-06' );
INSERT INTO LIFEPROJECT ( IDPROJECT, IDLIFECYCLE, LIFEDATE )
	VALUES ( '1901', '0003', '2020-02-10' );
INSERT INTO LIFEPROJECT ( IDPROJECT, IDLIFECYCLE, LIFEDATE )
	VALUES ( '1901', '0004', '2020-02-12' );
INSERT INTO LIFEPROJECT ( IDPROJECT, IDLIFECYCLE, LIFEDATE )
	VALUES ( '1903', '0005', '2020-02-05' );    
        
/*==============================================================*/
/* Table : COMPOSE                                              */
/*==============================================================*/
TRUNCATE COMPOSE;
INSERT INTO COMPOSE ( IDPROJECT, IDINFOSTECH )
	VALUES ( '1901','0004' );
INSERT INTO COMPOSE ( IDPROJECT, IDINFOSTECH )
	VALUES ( '1901','0001' );
INSERT INTO COMPOSE ( IDPROJECT, IDINFOSTECH )
	VALUES ( '1901','0010' );

/*==============================================================*/
/* Table : CONTRACT                                             */
/*==============================================================*/    
TRUNCATE CONTRACT;
INSERT INTO CONTRACT ( IDCONTRACT, IDFUNCTION, IDSTATUS, SALARY ) VALUES ( '0001','1008','0001','3000' );
INSERT INTO CONTRACT ( IDCONTRACT, IDFUNCTION, IDSTATUS, SALARY ) VALUES ( '0002','1015','0001','2500' );
INSERT INTO CONTRACT ( IDCONTRACT, IDFUNCTION, IDSTATUS, SALARY ) VALUES ( '0003','1012','0001','1650' );
INSERT INTO CONTRACT ( IDCONTRACT, IDFUNCTION, IDSTATUS, SALARY ) VALUES ( '0004','1005','0002','1800' );
INSERT INTO CONTRACT ( IDCONTRACT, IDFUNCTION, IDSTATUS, SALARY ) VALUES ( '0005','1001','0001','3000' );
INSERT INTO CONTRACT ( IDCONTRACT, IDFUNCTION, IDSTATUS, SALARY ) VALUES ( '0006','1013','0002','2500' );
INSERT INTO CONTRACT ( IDCONTRACT, IDFUNCTION, IDSTATUS, SALARY ) VALUES ( '0007','1003','0003','3045' );
INSERT INTO CONTRACT ( IDCONTRACT, IDFUNCTION, IDSTATUS, SALARY ) VALUES ( '0008','1014','0001','2500' );
INSERT INTO CONTRACT ( IDCONTRACT, IDFUNCTION, IDSTATUS, SALARY ) VALUES ( '0009','1004','0002','2500' );
INSERT INTO CONTRACT ( IDCONTRACT, IDFUNCTION, IDSTATUS, SALARY ) VALUES ( '0010','1003','0001','2500' );
INSERT INTO CONTRACT ( IDCONTRACT, IDFUNCTION, IDSTATUS, SALARY ) VALUES ( '0011','1002','0001','3000' );
INSERT INTO CONTRACT ( IDCONTRACT, IDFUNCTION, IDSTATUS, SALARY ) VALUES ( '0012','1009','0001','3000' );

/*==============================================================*/
/* Table : SIGN                                                 */
/*==============================================================*/      
TRUNCATE SIGN;
INSERT INTO SIGN ( NUMBERBADGE, IDCONTRACT, ENTRYDATE, EXITDATE ) VALUES ( '0001', '0001', '2005-02-05', null );
INSERT INTO SIGN ( NUMBERBADGE, IDCONTRACT, ENTRYDATE, EXITDATE ) VALUES ( '0002', '0002', '2005-01-12', '2006-01-11' );
INSERT INTO SIGN ( NUMBERBADGE, IDCONTRACT, ENTRYDATE, EXITDATE ) VALUES ( '0003', '0003', '2018-05-06', null );
INSERT INTO SIGN ( NUMBERBADGE, IDCONTRACT, ENTRYDATE, EXITDATE ) VALUES ( '0004', '0004', '2010-10-07', null );
INSERT INTO SIGN ( NUMBERBADGE, IDCONTRACT, ENTRYDATE, EXITDATE ) VALUES ( '0005', '0005', '2018-06-01', null );
INSERT INTO SIGN ( NUMBERBADGE, IDCONTRACT, ENTRYDATE, EXITDATE ) VALUES ( '0006', '0006', '2009-04-05', null );
INSERT INTO SIGN ( NUMBERBADGE, IDCONTRACT, ENTRYDATE, EXITDATE ) VALUES ( '0007', '0007', '2018-03-06', null );
INSERT INTO SIGN ( NUMBERBADGE, IDCONTRACT, ENTRYDATE, EXITDATE ) VALUES ( '0008', '0008', '2006-02-02', null );
INSERT INTO SIGN ( NUMBERBADGE, IDCONTRACT, ENTRYDATE, EXITDATE ) VALUES ( '0009', '0009', '2019-09-08', null );
INSERT INTO SIGN ( NUMBERBADGE, IDCONTRACT, ENTRYDATE, EXITDATE ) VALUES ( '0010', '0010', '2015-07-07', null );
INSERT INTO SIGN ( NUMBERBADGE, IDCONTRACT, ENTRYDATE, EXITDATE ) VALUES ( '0011', '0011', '2020-09-01', null );
INSERT INTO SIGN ( NUMBERBADGE, IDCONTRACT, ENTRYDATE, EXITDATE ) VALUES ( '0002', '0012', '2006-01-12', null );

/*==============================================================*/
/* Table : STAGE                                                */
/*==============================================================*/  
TRUNCATE STAGE;
INSERT INTO STAGE ( IDSTAGE, IDPROJECT, STARTDATESTAGE, ENDDATESTAGE, VALIDATESTAGE, PRODCHARGESTAGE, PRODESTIMATESTAGE, FINALCHARGESTAGE)
	VALUES ( '0001', '1901', '2020-02-07', '2020-02-09', '1', '60', '16', '60');
INSERT INTO STAGE ( IDSTAGE, IDPROJECT, STARTDATESTAGE, ENDDATESTAGE, VALIDATESTAGE, PRODCHARGESTAGE, PRODESTIMATESTAGE, FINALCHARGESTAGE)
	VALUES ( '0002', '1901', '2020-02-10', '2020-02-11', '1', '60', '8', '120');
INSERT INTO STAGE ( IDSTAGE, IDPROJECT, STARTDATESTAGE, ENDDATESTAGE, VALIDATESTAGE, PRODCHARGESTAGE, PRODESTIMATESTAGE, FINALCHARGESTAGE)
	VALUES ( '0003', '1901', '2020-02-12', '2020-02-13', '1', '80', '8', '200');
INSERT INTO STAGE ( IDSTAGE, IDPROJECT, STARTDATESTAGE, ENDDATESTAGE, VALIDATESTAGE, PRODCHARGESTAGE, PRODESTIMATESTAGE, FINALCHARGESTAGE)
	VALUES ( '0004', '1903', '2020-02-07', '2020-02-25', '1', '30', '25', '30');

/*==============================================================*/
/* Table : DOCUMENTATION                                        */
/*==============================================================*/   
TRUNCATE DOCUMENTATION;
INSERT INTO DOCUMENTATION (IDDOC, NUMBERBADGE, IDPROJECT, LABELDOC, SUMMARY, RELEASEDATE ) VALUES ( '0001','0011','1901','Etude','Etude du cahier des charges','2020-02-10' );
INSERT INTO DOCUMENTATION (IDDOC, NUMBERBADGE, IDPROJECT, LABELDOC, SUMMARY, RELEASEDATE ) VALUES ( '0002','0010','1901','Programmation','lignes de code Java','2020-02-12' );
INSERT INTO DOCUMENTATION (IDDOC, NUMBERBADGE, IDPROJECT, LABELDOC, SUMMARY, RELEASEDATE ) VALUES ( '0003','0007','1901','Résultat tests','test avec Junit','2020-02-15' );

/*==============================================================*/
/* Table : INTERVENTION                                         */
/*==============================================================*/   
TRUNCATE INTERVENTION;
INSERT INTO INTERVENTION (IDINTERV, BADGEHEADPROJECT, BADGEEMPLOYEE, IDTYPEINTER, IDTEMPFUNCTION, IDCONTACT, IDSTAGE, LABELINTERV, STARTDATEINTERV, ENDDATEINTERV, VALIDATEINTERV, 
TESTFUNCTIONEMP, COMMENTINTERV, WORKTIME)
	VALUES ( '0001', '0005', '0011', '0001', null, '0001', '0001', 'Etude', '2020-02-06', '2020-02-09', '1', null, 'ras', '0' );
INSERT INTO INTERVENTION (IDINTERV, BADGEHEADPROJECT, BADGEEMPLOYEE, IDTYPEINTER, IDTEMPFUNCTION, IDCONTACT, IDSTAGE, LABELINTERV, STARTDATEINTERV, ENDDATEINTERV, VALIDATEINTERV, 
TESTFUNCTIONEMP, COMMENTINTERV, WORKTIME)
	VALUES ( '0002', '0005', '0010', '0003', null, '0001', '0001', 'Programmation', '2020-02-10', '2020-02-11', '1', null, 'ras', '0' );    
INSERT INTO INTERVENTION (IDINTERV, BADGEHEADPROJECT, BADGEEMPLOYEE, IDTYPEINTER, IDTEMPFUNCTION, IDCONTACT, IDSTAGE, LABELINTERV, STARTDATEINTERV, ENDDATEINTERV, VALIDATEINTERV, 
TESTFUNCTIONEMP, COMMENTINTERV, WORKTIME)
	VALUES ( '0003', '0005', '0007', '0004', null, '0001', '0002', 'Test', '2020-02-12', '2020-02-13', '1', null, 'ras', '0' );
INSERT INTO INTERVENTION (IDINTERV, BADGEHEADPROJECT, BADGEEMPLOYEE, IDTYPEINTER, IDTEMPFUNCTION, IDCONTACT, IDSTAGE, LABELINTERV, STARTDATEINTERV, ENDDATEINTERV, VALIDATEINTERV, 
TESTFUNCTIONEMP, COMMENTINTERV, WORKTIME)
	VALUES ( '0004', '0005', '0009', '0010', null, '0001', '0002', 'Maintenance', '2020-02-12', '2020-02-13', '1', null, 'ras', '0' );
INSERT INTO INTERVENTION (IDINTERV, BADGEHEADPROJECT, BADGEEMPLOYEE, IDTYPEINTER, IDTEMPFUNCTION, IDCONTACT, IDSTAGE, LABELINTERV, STARTDATEINTERV, ENDDATEINTERV, VALIDATEINTERV, 
TESTFUNCTIONEMP, COMMENTINTERV, WORKTIME)
	VALUES ( '0005', '0005', '0007', '0004', null, '0001', '0004', 'Test', '2020-02-12', '2020-02-13', '1', null, 'ras', '0' );
INSERT INTO INTERVENTION (IDINTERV, BADGEHEADPROJECT, BADGEEMPLOYEE, IDTYPEINTER, IDTEMPFUNCTION, IDCONTACT, IDSTAGE, LABELINTERV, STARTDATEINTERV, ENDDATEINTERV, VALIDATEINTERV, 
TESTFUNCTIONEMP, COMMENTINTERV, WORKTIME)
	VALUES ( '0006', '0005', '0009', '0010', null, '0001', '0002', 'Maintenance', '2020-02-12', '2020-02-13', '1', null, 'ras', '0' );     